/*
* INSERT DATA LOCATION
*/
INSERT INTO `location` (`id`, `country`, `province_or_state`, `latitude`, `longitude`) VALUES (1, 'New Edward', 'Tennessee', '-59.3225243', '-58.24247799');
INSERT INTO `location` (`id`, `country`, `province_or_state`, `latitude`, `longitude`) VALUES (2, 'South Dulcestad', 'Wyoming', '-60.8', '-57.62');
INSERT INTO `location` (`id`, `country`, `province_or_state`, `latitude`, `longitude`) VALUES (3, 'Conorton', 'Maryland', '-49.77191', '-51.408923');
INSERT INTO `location` (`id`, `country`, `province_or_state`, `latitude`, `longitude`) VALUES (4, 'Lake Cristianside', 'Tennessee', '-44.582153785', '-22');
INSERT INTO `location` (`id`, `country`, `province_or_state`, `latitude`, `longitude`) VALUES (5, 'New Kenneth', 'Florida', '-53.8833274', '-45.2');
INSERT INTO `location` (`id`, `country`, `province_or_state`, `latitude`, `longitude`) VALUES (6, 'New Patriciaville', 'Idaho', '-46.0701686', '-26.304723');
INSERT INTO `location` (`id`, `country`, `province_or_state`, `latitude`, `longitude`) VALUES (7, 'Marcohaven', 'NorthDakota', '-26.1', '-63');
INSERT INTO `location` (`id`, `country`, `province_or_state`, `latitude`, `longitude`) VALUES (8, 'Kassandraton', 'Idaho', '-44.9', '-50.337');
INSERT INTO `location` (`id`, `country`, `province_or_state`, `latitude`, `longitude`) VALUES (9, 'West Cristobal', 'Louisiana', '-48.966588', '-42.3545');
INSERT INTO `location` (`id`, `country`, `province_or_state`, `latitude`, `longitude`) VALUES (10, 'South Amaya', 'Montana', '-59.0912', '-44.8304');
INSERT INTO `location` (`id`, `country`, `province_or_state`, `latitude`, `longitude`) VALUES (11, 'New Karley', 'Alaska', '-36', '-39.6688118');
INSERT INTO `location` (`id`, `country`, `province_or_state`, `latitude`, `longitude`) VALUES (12, 'West Vivien', 'Georgia', '-29.98115', '-16.9031655');
INSERT INTO `location` (`id`, `country`, `province_or_state`, `latitude`, `longitude`) VALUES (13, 'East Robin', 'Nevada', '-46.5', '-62.70055059');
INSERT INTO `location` (`id`, `country`, `province_or_state`, `latitude`, `longitude`) VALUES (14, 'North Jessycaville', 'Ohio', '-62.69741', '-34.463403518');
INSERT INTO `location` (`id`, `country`, `province_or_state`, `latitude`, `longitude`) VALUES (15, 'Lake Keely', 'NorthDakota', '-50.226', '-27.334822638');
INSERT INTO `location` (`id`, `country`, `province_or_state`, `latitude`, `longitude`) VALUES (16, 'Hicklehaven', 'Alaska', '-30', '-18.97');
INSERT INTO `location` (`id`, `country`, `province_or_state`, `latitude`, `longitude`) VALUES (17, 'Jacobiburgh', 'California', '-31.1', '-49.664284934');
INSERT INTO `location` (`id`, `country`, `province_or_state`, `latitude`, `longitude`) VALUES (18, 'Kemmerton', 'Missouri', '-57', '-45.4');
INSERT INTO `location` (`id`, `country`, `province_or_state`, `latitude`, `longitude`) VALUES (19, 'West Harmonyside', 'Delaware', '-45.709216', '-49.2');
INSERT INTO `location` (`id`, `country`, `province_or_state`, `latitude`, `longitude`) VALUES (20, 'East Madelineburgh', 'Arizona', '-26.426', '-58.7629464');
INSERT INTO `location` (`id`, `country`, `province_or_state`, `latitude`, `longitude`) VALUES (21, 'Helenburgh', 'Iowa', '-28.9915', '-50');
INSERT INTO `location` (`id`, `country`, `province_or_state`, `latitude`, `longitude`) VALUES (22, 'Shanahanmouth', 'RhodeIsland', '-27.9959', '-16.87370585');
INSERT INTO `location` (`id`, `country`, `province_or_state`, `latitude`, `longitude`) VALUES (23, 'North Mazieburgh', 'Washington', '-35.26', '-46.40565685');
INSERT INTO `location` (`id`, `country`, `province_or_state`, `latitude`, `longitude`) VALUES (24, 'East Mozellborough', 'Iowa', '-60.80910447', '-48.161');
INSERT INTO `location` (`id`, `country`, `province_or_state`, `latitude`, `longitude`) VALUES (25, 'Lake Lauriane', 'SouthCarolina', '-26.039', '-38.46');
INSERT INTO `location` (`id`, `country`, `province_or_state`, `latitude`, `longitude`) VALUES (26, 'Lloydchester', 'Pennsylvania', '-41', '-55.859548');
INSERT INTO `location` (`id`, `country`, `province_or_state`, `latitude`, `longitude`) VALUES (27, 'Port Elsieborough', 'Wyoming', '-22.052734422', '-37.486463');
INSERT INTO `location` (`id`, `country`, `province_or_state`, `latitude`, `longitude`) VALUES (28, 'Flavieton', 'Kentucky', '-46.64', '-43.1');
INSERT INTO `location` (`id`, `country`, `province_or_state`, `latitude`, `longitude`) VALUES (29, 'North Michelle', 'Florida', '-24.34', '-57.562');
INSERT INTO `location` (`id`, `country`, `province_or_state`, `latitude`, `longitude`) VALUES (30, 'Nicolasmouth', 'WestVirginia', '-59.1399', '-45.546');
INSERT INTO `location` (`id`, `country`, `province_or_state`, `latitude`, `longitude`) VALUES (31, 'Spencerstad', 'Wyoming', '-29.41', '-34');
INSERT INTO `location` (`id`, `country`, `province_or_state`, `latitude`, `longitude`) VALUES (32, 'North Afton', 'Illinois', '-30', '-29.14728294');
INSERT INTO `location` (`id`, `country`, `province_or_state`, `latitude`, `longitude`) VALUES (33, 'Erikberg', 'Virginia', '-28.66', '-53.343');
INSERT INTO `location` (`id`, `country`, `province_or_state`, `latitude`, `longitude`) VALUES (34, 'Sinceremouth', 'SouthDakota', '-46.377203417', '-61.310777');
INSERT INTO `location` (`id`, `country`, `province_or_state`, `latitude`, `longitude`) VALUES (35, 'Port Miracle', 'NewJersey', '-57.49318294', '-26.00535384');
INSERT INTO `location` (`id`, `country`, `province_or_state`, `latitude`, `longitude`) VALUES (36, 'Dachmouth', 'Arizona', '-53.59', '-54.2129034');
INSERT INTO `location` (`id`, `country`, `province_or_state`, `latitude`, `longitude`) VALUES (37, 'Everardoland', 'Indiana', '-27', '-22.5828');
INSERT INTO `location` (`id`, `country`, `province_or_state`, `latitude`, `longitude`) VALUES (38, 'East Aditya', 'Nebraska', '-58', '-25.2');
INSERT INTO `location` (`id`, `country`, `province_or_state`, `latitude`, `longitude`) VALUES (39, 'Wilkinsonborough', 'Nevada', '-27.96878868', '-43.149769494');
INSERT INTO `location` (`id`, `country`, `province_or_state`, `latitude`, `longitude`) VALUES (40, 'East Brandoton', 'Oregon', '-28.607', '-45.3688135');
INSERT INTO `location` (`id`, `country`, `province_or_state`, `latitude`, `longitude`) VALUES (41, 'Daishaborough', 'Michigan', '-35', '-37.371');
INSERT INTO `location` (`id`, `country`, `province_or_state`, `latitude`, `longitude`) VALUES (42, 'Botsfordborough', 'Iowa', '-20.9', '-38.604');
INSERT INTO `location` (`id`, `country`, `province_or_state`, `latitude`, `longitude`) VALUES (43, 'North Mallie', 'Mississippi', '-48.29841194', '-46.68409665');
INSERT INTO `location` (`id`, `country`, `province_or_state`, `latitude`, `longitude`) VALUES (44, 'Sengermouth', 'Kansas', '-20.544', '-26.15914451');
INSERT INTO `location` (`id`, `country`, `province_or_state`, `latitude`, `longitude`) VALUES (45, 'Powlowskiburgh', 'Oklahoma', '-47.9299883', '-25.71111');
INSERT INTO `location` (`id`, `country`, `province_or_state`, `latitude`, `longitude`) VALUES (46, 'Karianneton', 'Montana', '-53.46', '-34');
INSERT INTO `location` (`id`, `country`, `province_or_state`, `latitude`, `longitude`) VALUES (47, 'Kreigerstad', 'Nebraska', '-60', '-19.29381699');
INSERT INTO `location` (`id`, `country`, `province_or_state`, `latitude`, `longitude`) VALUES (48, 'Brodyville', 'Arizona', '-62.11', '-43');
INSERT INTO `location` (`id`, `country`, `province_or_state`, `latitude`, `longitude`) VALUES (49, 'Haleyborough', 'Wyoming', '-32.1', '-40.244008');
INSERT INTO `location` (`id`, `country`, `province_or_state`, `latitude`, `longitude`) VALUES (50, 'Kingmouth', 'Florida', '-59.83707228', '-48.062');


/*
* INSERT AIRPORT OPERATOR
*/
INSERT INTO `airport_operator` (`id`, `name`) VALUES (1, 'Laurie');
INSERT INTO `airport_operator` (`id`, `name`) VALUES (2, 'Makenna');
INSERT INTO `airport_operator` (`id`, `name`) VALUES (3, 'Charity');
INSERT INTO `airport_operator` (`id`, `name`) VALUES (4, 'Ayana');
INSERT INTO `airport_operator` (`id`, `name`) VALUES (5, 'Carroll');
INSERT INTO `airport_operator` (`id`, `name`) VALUES (6, 'Jailyn');
INSERT INTO `airport_operator` (`id`, `name`) VALUES (7, 'Declan');
INSERT INTO `airport_operator` (`id`, `name`) VALUES (8, 'Kylie');
INSERT INTO `airport_operator` (`id`, `name`) VALUES (9, 'Arianna');
INSERT INTO `airport_operator` (`id`, `name`) VALUES (10, 'Ola');
INSERT INTO `airport_operator` (`id`, `name`) VALUES (11, 'Kira');
INSERT INTO `airport_operator` (`id`, `name`) VALUES (12, 'Henriette');
INSERT INTO `airport_operator` (`id`, `name`) VALUES (13, 'Aurore');
INSERT INTO `airport_operator` (`id`, `name`) VALUES (14, 'Reece');
INSERT INTO `airport_operator` (`id`, `name`) VALUES (15, 'Janae');
INSERT INTO `airport_operator` (`id`, `name`) VALUES (16, 'Lacy');
INSERT INTO `airport_operator` (`id`, `name`) VALUES (17, 'Dorothea');
INSERT INTO `airport_operator` (`id`, `name`) VALUES (18, 'Jaquelin');
INSERT INTO `airport_operator` (`id`, `name`) VALUES (19, 'Macie');
INSERT INTO `airport_operator` (`id`, `name`) VALUES (20, 'Salma');
INSERT INTO `airport_operator` (`id`, `name`) VALUES (21, 'Piper');
INSERT INTO `airport_operator` (`id`, `name`) VALUES (22, 'Annetta');
INSERT INTO `airport_operator` (`id`, `name`) VALUES (23, 'Eleonore');
INSERT INTO `airport_operator` (`id`, `name`) VALUES (24, 'Maryse');
INSERT INTO `airport_operator` (`id`, `name`) VALUES (25, 'Genesis');
INSERT INTO `airport_operator` (`id`, `name`) VALUES (26, 'River');
INSERT INTO `airport_operator` (`id`, `name`) VALUES (27, 'Loren');
INSERT INTO `airport_operator` (`id`, `name`) VALUES (28, 'Ara');
INSERT INTO `airport_operator` (`id`, `name`) VALUES (29, 'Kyleigh');
INSERT INTO `airport_operator` (`id`, `name`) VALUES (30, 'Raymundo');
INSERT INTO `airport_operator` (`id`, `name`) VALUES (31, 'Pamela');
INSERT INTO `airport_operator` (`id`, `name`) VALUES (32, 'Dovie');
INSERT INTO `airport_operator` (`id`, `name`) VALUES (33, 'Maymie');
INSERT INTO `airport_operator` (`id`, `name`) VALUES (34, 'Glenna');
INSERT INTO `airport_operator` (`id`, `name`) VALUES (35, 'Emilio');
INSERT INTO `airport_operator` (`id`, `name`) VALUES (36, 'Sheila');
INSERT INTO `airport_operator` (`id`, `name`) VALUES (37, 'Roberto');
INSERT INTO `airport_operator` (`id`, `name`) VALUES (38, 'Robbie');
INSERT INTO `airport_operator` (`id`, `name`) VALUES (39, 'Dorthy');
INSERT INTO `airport_operator` (`id`, `name`) VALUES (40, 'Asha');
INSERT INTO `airport_operator` (`id`, `name`) VALUES (41, 'Leta');
INSERT INTO `airport_operator` (`id`, `name`) VALUES (42, 'Alysson');
INSERT INTO `airport_operator` (`id`, `name`) VALUES (43, 'Rebeca');
INSERT INTO `airport_operator` (`id`, `name`) VALUES (44, 'Bridget');
INSERT INTO `airport_operator` (`id`, `name`) VALUES (45, 'Kory');
INSERT INTO `airport_operator` (`id`, `name`) VALUES (46, 'Giovanna');
INSERT INTO `airport_operator` (`id`, `name`) VALUES (47, 'Luis');
INSERT INTO `airport_operator` (`id`, `name`) VALUES (48, 'Vincent');
INSERT INTO `airport_operator` (`id`, `name`) VALUES (49, 'Buck');
INSERT INTO `airport_operator` (`id`, `name`) VALUES (50, 'Amely');


/*
* INSERT AIRPORT
*/
INSERT INTO `airport` (`id`, `name`, `priority_order`, `airport_operator_id`, `location_id`) VALUES (1, 'Murphy', 33, 1, 1);
INSERT INTO `airport` (`id`, `name`, `priority_order`, `airport_operator_id`, `location_id`) VALUES (2, 'Maggio', 30, 2, 2);
INSERT INTO `airport` (`id`, `name`, `priority_order`, `airport_operator_id`, `location_id`) VALUES (3, 'Baumbach', 15, 3, 3);
INSERT INTO `airport` (`id`, `name`, `priority_order`, `airport_operator_id`, `location_id`) VALUES (4, 'Stehr', 92, 4, 4);
INSERT INTO `airport` (`id`, `name`, `priority_order`, `airport_operator_id`, `location_id`) VALUES (5, 'Abshire', 35, 5, 5);
INSERT INTO `airport` (`id`, `name`, `priority_order`, `airport_operator_id`, `location_id`) VALUES (6, 'Fay', 84, 6, 6);
INSERT INTO `airport` (`id`, `name`, `priority_order`, `airport_operator_id`, `location_id`) VALUES (7, 'Howell', 12, 7, 7);
INSERT INTO `airport` (`id`, `name`, `priority_order`, `airport_operator_id`, `location_id`) VALUES (8, 'Casper', 98, 8, 8);
INSERT INTO `airport` (`id`, `name`, `priority_order`, `airport_operator_id`, `location_id`) VALUES (9, 'Collier', 9, 9, 9);
INSERT INTO `airport` (`id`, `name`, `priority_order`, `airport_operator_id`, `location_id`) VALUES (10, 'Pagac', 67, 10, 10);
INSERT INTO `airport` (`id`, `name`, `priority_order`, `airport_operator_id`, `location_id`) VALUES (11, 'Bruen', 49, 11, 11);
INSERT INTO `airport` (`id`, `name`, `priority_order`, `airport_operator_id`, `location_id`) VALUES (12, 'Prosacco', 89, 12, 12);
INSERT INTO `airport` (`id`, `name`, `priority_order`, `airport_operator_id`, `location_id`) VALUES (13, 'Kerluke', 23, 13, 13);
INSERT INTO `airport` (`id`, `name`, `priority_order`, `airport_operator_id`, `location_id`) VALUES (14, 'Schiller', 95, 14, 14);
INSERT INTO `airport` (`id`, `name`, `priority_order`, `airport_operator_id`, `location_id`) VALUES (15, 'Baumbach', 97, 15, 15);
INSERT INTO `airport` (`id`, `name`, `priority_order`, `airport_operator_id`, `location_id`) VALUES (16, 'Legros', 85, 16, 16);
INSERT INTO `airport` (`id`, `name`, `priority_order`, `airport_operator_id`, `location_id`) VALUES (17, 'Lynch', 2, 17, 17);
INSERT INTO `airport` (`id`, `name`, `priority_order`, `airport_operator_id`, `location_id`) VALUES (18, 'Roob', 27, 18, 18);
INSERT INTO `airport` (`id`, `name`, `priority_order`, `airport_operator_id`, `location_id`) VALUES (19, 'Borer', 69, 19, 19);
INSERT INTO `airport` (`id`, `name`, `priority_order`, `airport_operator_id`, `location_id`) VALUES (20, 'Quitzon', 45, 20, 20);
INSERT INTO `airport` (`id`, `name`, `priority_order`, `airport_operator_id`, `location_id`) VALUES (21, 'O\'Connell', 14, 21, 21);
INSERT INTO `airport` (`id`, `name`, `priority_order`, `airport_operator_id`, `location_id`) VALUES (22, 'Brakus', 1, 22, 22);
INSERT INTO `airport` (`id`, `name`, `priority_order`, `airport_operator_id`, `location_id`) VALUES (23, 'Boehm', 54, 23, 23);
INSERT INTO `airport` (`id`, `name`, `priority_order`, `airport_operator_id`, `location_id`) VALUES (24, 'Ward', 75, 24, 24);
INSERT INTO `airport` (`id`, `name`, `priority_order`, `airport_operator_id`, `location_id`) VALUES (25, 'Orn', 53, 25, 25);
INSERT INTO `airport` (`id`, `name`, `priority_order`, `airport_operator_id`, `location_id`) VALUES (26, 'Will', 24, 26, 26);
INSERT INTO `airport` (`id`, `name`, `priority_order`, `airport_operator_id`, `location_id`) VALUES (27, 'Larson', 3, 27, 27);
INSERT INTO `airport` (`id`, `name`, `priority_order`, `airport_operator_id`, `location_id`) VALUES (28, 'Hackett', 34, 28, 28);
INSERT INTO `airport` (`id`, `name`, `priority_order`, `airport_operator_id`, `location_id`) VALUES (29, 'McLaughlin', 76, 29, 29);
INSERT INTO `airport` (`id`, `name`, `priority_order`, `airport_operator_id`, `location_id`) VALUES (30, 'Wehner', 8, 30, 30);
INSERT INTO `airport` (`id`, `name`, `priority_order`, `airport_operator_id`, `location_id`) VALUES (31, 'Wintheiser', 59, 31, 31);
INSERT INTO `airport` (`id`, `name`, `priority_order`, `airport_operator_id`, `location_id`) VALUES (32, 'Leffler', 32, 32, 32);
INSERT INTO `airport` (`id`, `name`, `priority_order`, `airport_operator_id`, `location_id`) VALUES (33, 'Breitenberg', 81, 33, 33);
INSERT INTO `airport` (`id`, `name`, `priority_order`, `airport_operator_id`, `location_id`) VALUES (34, 'Legros', 37, 34, 34);
INSERT INTO `airport` (`id`, `name`, `priority_order`, `airport_operator_id`, `location_id`) VALUES (35, 'Schuster', 39, 35, 35);
INSERT INTO `airport` (`id`, `name`, `priority_order`, `airport_operator_id`, `location_id`) VALUES (36, 'Boyle', 79, 36, 36);
INSERT INTO `airport` (`id`, `name`, `priority_order`, `airport_operator_id`, `location_id`) VALUES (37, 'Oberbrunner', 5, 37, 37);
INSERT INTO `airport` (`id`, `name`, `priority_order`, `airport_operator_id`, `location_id`) VALUES (38, 'Brakus', 73, 38, 38);
INSERT INTO `airport` (`id`, `name`, `priority_order`, `airport_operator_id`, `location_id`) VALUES (39, 'McCullough', 22, 39, 39);
INSERT INTO `airport` (`id`, `name`, `priority_order`, `airport_operator_id`, `location_id`) VALUES (40, 'Crist', 36, 40, 40);
INSERT INTO `airport` (`id`, `name`, `priority_order`, `airport_operator_id`, `location_id`) VALUES (41, 'Torphy', 44, 41, 41);
INSERT INTO `airport` (`id`, `name`, `priority_order`, `airport_operator_id`, `location_id`) VALUES (42, 'Dibbert', 42, 42, 42);
INSERT INTO `airport` (`id`, `name`, `priority_order`, `airport_operator_id`, `location_id`) VALUES (43, 'Satterfield', 52, 43, 43);
INSERT INTO `airport` (`id`, `name`, `priority_order`, `airport_operator_id`, `location_id`) VALUES (44, 'Schuppe', 26, 44, 44);
INSERT INTO `airport` (`id`, `name`, `priority_order`, `airport_operator_id`, `location_id`) VALUES (45, 'Morar', 71, 45, 45);
INSERT INTO `airport` (`id`, `name`, `priority_order`, `airport_operator_id`, `location_id`) VALUES (46, 'Konopelski', 63, 46, 46);
INSERT INTO `airport` (`id`, `name`, `priority_order`, `airport_operator_id`, `location_id`) VALUES (47, 'Volkman', 19, 47, 47);
INSERT INTO `airport` (`id`, `name`, `priority_order`, `airport_operator_id`, `location_id`) VALUES (48, 'Gislason', 18, 48, 48);
INSERT INTO `airport` (`id`, `name`, `priority_order`, `airport_operator_id`, `location_id`) VALUES (49, 'Steuber', 29, 49, 49);
INSERT INTO `airport` (`id`, `name`, `priority_order`, `airport_operator_id`, `location_id`) VALUES (50, 'Fahey', 43, 50, 50);
INSERT INTO `airport` (`id`, `name`, `priority_order`, `airport_operator_id`, `location_id`) VALUES (51, 'Ebert', 58, 1, 1);
INSERT INTO `airport` (`id`, `name`, `priority_order`, `airport_operator_id`, `location_id`) VALUES (52, 'Kulas', 65, 2, 2);
INSERT INTO `airport` (`id`, `name`, `priority_order`, `airport_operator_id`, `location_id`) VALUES (53, 'West', 41, 3, 3);
INSERT INTO `airport` (`id`, `name`, `priority_order`, `airport_operator_id`, `location_id`) VALUES (54, 'Casper', 61, 4, 4);
INSERT INTO `airport` (`id`, `name`, `priority_order`, `airport_operator_id`, `location_id`) VALUES (55, 'Feil', 74, 5, 5);
INSERT INTO `airport` (`id`, `name`, `priority_order`, `airport_operator_id`, `location_id`) VALUES (56, 'Leffler', 83, 6, 6);
INSERT INTO `airport` (`id`, `name`, `priority_order`, `airport_operator_id`, `location_id`) VALUES (57, 'Reynolds', 16, 7, 7);
INSERT INTO `airport` (`id`, `name`, `priority_order`, `airport_operator_id`, `location_id`) VALUES (58, 'Dietrich', 94, 8, 8);
INSERT INTO `airport` (`id`, `name`, `priority_order`, `airport_operator_id`, `location_id`) VALUES (59, 'Emard', 66, 9, 9);
INSERT INTO `airport` (`id`, `name`, `priority_order`, `airport_operator_id`, `location_id`) VALUES (60, 'Klocko', 4, 10, 10);
INSERT INTO `airport` (`id`, `name`, `priority_order`, `airport_operator_id`, `location_id`) VALUES (61, 'Yost', 78, 11, 11);
INSERT INTO `airport` (`id`, `name`, `priority_order`, `airport_operator_id`, `location_id`) VALUES (62, 'Baumbach', 50, 12, 12);
INSERT INTO `airport` (`id`, `name`, `priority_order`, `airport_operator_id`, `location_id`) VALUES (63, 'Sanford', 31, 13, 13);
INSERT INTO `airport` (`id`, `name`, `priority_order`, `airport_operator_id`, `location_id`) VALUES (64, 'Bechtelar', 6, 14, 14);
INSERT INTO `airport` (`id`, `name`, `priority_order`, `airport_operator_id`, `location_id`) VALUES (65, 'Reichel', 47, 15, 15);
INSERT INTO `airport` (`id`, `name`, `priority_order`, `airport_operator_id`, `location_id`) VALUES (66, 'Kuhic', 17, 16, 16);
INSERT INTO `airport` (`id`, `name`, `priority_order`, `airport_operator_id`, `location_id`) VALUES (67, 'Koepp', 48, 17, 17);
INSERT INTO `airport` (`id`, `name`, `priority_order`, `airport_operator_id`, `location_id`) VALUES (68, 'Leuschke', 80, 18, 18);
INSERT INTO `airport` (`id`, `name`, `priority_order`, `airport_operator_id`, `location_id`) VALUES (69, 'Grant', 90, 19, 19);
INSERT INTO `airport` (`id`, `name`, `priority_order`, `airport_operator_id`, `location_id`) VALUES (70, 'Hoppe', 60, 20, 20);
